Date,Price,Returns
2014-10-01,124.66999816894533,
2014-10-02,124.16999816894533,-0.004010588011098104
2014-10-03,126.36000061035156,0.017637130335030893
2014-10-06,126.26000213623048,-0.0007913776008077189
2014-10-07,123.31999969482422,-0.023285303276282976
2014-10-08,124.9800033569336,0.013460944422780896
2014-10-09,122.76000213623048,-0.01776285134481037
2014-10-10,121.5,-0.010263946841840399
2014-10-13,120.4499969482422,-0.00864200042599006
2014-10-14,122.29000091552734,0.015276081476994996
2014-10-15,120.19000244140624,-0.017172282757375257
2014-10-16,120.29000091552734,0.0008320032622501916
2014-10-17,123.23999786376952,0.024524041281816844
2014-10-20,124.30999755859376,0.008682243698243441
2014-10-21,127.12000274658205,0.022604820554869454
2014-10-22,121.4499969482422,-0.044603568878480826
2014-10-23,122.02999877929688,0.004775643026996956
2014-10-24,122.23999786376952,0.0017208808208910575
2014-10-27,122.12000274658205,-0.0009816354653506831
2014-10-28,123.61000061035156,0.012201095891403613
2014-10-29,123.08000183105467,-0.004287669093761881
2014-10-30,123.81999969482422,0.006012332245374008
2014-10-31,124.91000366210938,0.008803133338488589
2014-11-03,126.02999877929688,0.008966416494688101
2014-11-04,125.83999633789062,-0.0015075969471283202
2014-11-05,124.22000122070312,-0.012873451719099593
2014-11-06,124.58000183105467,0.0028980889294303314
2014-11-07,124.4499969482422,-0.0010435453596218114
2014-11-10,124.63999938964844,0.0015267372122576006
2014-11-11,125.36000061035156,0.005776646535854635
2014-11-12,125.87000274658205,0.0040683003649282234
2014-11-13,128.52999877929688,0.021132882932165087
2014-11-14,128.86000061035156,0.0025675082407909944
2014-11-17,128.4199981689453,-0.0034145773655297473
2014-11-18,130.66000366210938,0.017442808948004984
2014-11-19,131.61000061035156,0.007270755561119557
2014-11-20,131.6999969482422,0.000683810785451433
2014-11-21,132.77999877929688,0.00820046967411181
2014-11-24,134.61000061035156,0.013782210030717446
2014-11-25,134.80999755859375,0.001485751038818428
2014-11-26,134.77999877929688,-0.00022252636926156644
2014-11-28,134.36000061035156,-0.0031161757883160224
2014-12-01,132.38999938964844,-0.014662110834728237
2014-12-02,132.27999877929688,-0.0008308830792257416
2014-12-03,131.97000122070312,-0.0023434953239678258
2014-12-04,131.32000732421875,-0.004925315529832774
2014-12-05,132.2100067138672,0.0067773327749753864
2014-12-08,130.27999877929688,-0.014598047322902707
2014-12-09,129.66000366210938,-0.004758943222265555
2014-12-10,124.63999938964844,-0.0387166753869832
2014-12-11,123.37000274658205,-0.010189318431366057
2014-12-12,120.7699966430664,-0.021074864599430976
2014-12-15,122.08000183105467,0.010847107927476118
2014-12-16,124.25,0.017775214092381475
2014-12-17,125.05999755859376,0.0065190950389839575
2014-12-18,125.66999816894533,0.004877663699503598
2014-12-19,126.2300033569336,0.004456156569966785
2014-12-22,128.22000122070312,0.015764856300783947
2014-12-23,130.02999877929688,0.014116343326796787
2014-12-24,131.24000549316406,0.009305596594836318
2014-12-26,131.6300048828125,0.00297165020820378
2014-12-29,132.2899932861328,0.005013966260260183
2014-12-30,131.8300018310547,-0.003477144745810068
2014-12-31,129.97999572753906,-0.014033270710915091
2015-01-02,129.9499969482422,-0.0002307953553080111
2015-01-05,129.0500030517578,-0.006925693863947036
2015-01-06,127.52999877929688,-0.011778413301170687
2015-01-07,129.50999450683594,0.015525725292020454
2015-01-08,131.8000030517578,0.017682099004343588
2015-01-09,131.5399932861328,-0.001972759936302082
2015-01-12,130.8699951171875,-0.005093494018111211
2015-01-13,131.1699981689453,0.0022923745927336814
2015-01-14,130.3800048828125,-0.006022667509039015
2015-01-15,130.13999938964844,-0.0018408151877259415
2015-01-16,130.77999877929688,0.004917776184493627
2015-01-20,131.22000122070312,0.003364447511188473
2015-01-21,132.41000366210938,0.009068758042493519
2015-01-22,135.63999938964844,0.0243938950094853
2015-01-23,134.6199951171875,-0.007519937164927382
2015-01-26,134.07000732421875,-0.0040854836793745575
2015-01-27,132.47999572753906,-0.011859562242244048
2015-01-28,139.63999938964844,0.05404592310551393
2015-01-29,147.77999877929688,0.058292748676793904
2015-01-30,145.3699951171875,-0.016308050358753934
2015-02-02,146.25999450683594,0.006122304598902728
2015-02-03,147.33999633789062,0.007384123284677191
2015-02-04,147.22000122070312,-0.0008144096658745381
2015-02-05,148.60000610351562,0.009373759484919919
2015-02-06,148.0,-0.004037725968178307
2015-02-09,147.5800018310547,-0.002837825465846655
2015-02-10,148.0399932861328,0.0031168955777944873
2015-02-11,147.9199981689453,-0.0008105587856624963
2015-02-12,148.08999633789062,0.0011492575111524683
2015-02-13,149.72999572753906,0.011074342833438333
2015-02-17,149.9199981689453,0.00126896711966773
2015-02-18,151.1699981689453,0.008337780251246985
2015-02-19,153.75,0.0170668906681557
2015-02-20,158.30999755859375,0.029658520706300706
2015-02-23,154.74000549316406,-0.02255064190818623
2015-02-24,154.3800048828125,-0.0023264869947769995
2015-02-25,153.00999450683594,-0.008874273433379654
2015-02-26,151.72999572753906,-0.008365458631786837
2015-02-27,150.85000610351562,-0.005799707696582446
2015-03-02,153.8000030517578,0.019555829160642135
2015-03-03,155.57000732421875,0.011508480086735107
2015-03-04,154.35000610351562,-0.007842136422611112
2015-03-05,154.47000122070312,0.0007774221732588238
2015-03-06,153.1199951171875,-0.008739600523384294
2015-03-09,154.75,0.010645277787300067
2015-03-10,152.4199981689453,-0.015056554643325892
2015-03-11,151.1699981689453,-0.008201023586251965
2015-03-12,152.0399932861328,0.0057550779104673655
2015-03-13,151.57000732421875,-0.0030911995702970207
2015-03-16,153.6699981689453,0.013854923423171295
2015-03-17,154.50999450683594,0.005466235100537453
2015-03-18,155.72999572753906,0.00789593724727733
2015-03-19,154.11000061035156,-0.010402588850139005
2015-03-20,154.5,0.002530655947724725
2015-03-23,152.80999755859375,-0.010938527128843023
2015-03-24,151.64999389648438,-0.007591150321591855
2015-03-25,148.22999572753906,-0.022551917616823514
2015-03-26,148.1699981689453,-0.00040475990233468373
2015-03-27,148.85000610351562,0.004589376682011981
2015-03-30,152.6999969482422,0.02586490216230919
2015-03-31,150.0800018310547,-0.017157794168624285
2015-04-01,148.63999938964844,-0.009594898879514036
2015-04-02,149.27999877929688,0.004305700970643311
2015-04-06,150.92999267578125,0.011053013866404227
2015-04-07,152.32000732421875,0.009209664850533983
2015-04-08,153.36000061035156,0.006827686686747159
2015-04-09,153.4199981689453,0.00039122038572614315
2015-04-10,154.3800048828125,0.006257376647925916
2015-04-13,153.24000549316406,-0.007384372027412489
2015-04-14,153.2100067138672,-0.00019576336610227507
2015-04-15,152.42999267578125,-0.0050911429012772125
2015-04-16,151.97000122070312,-0.003017722739490858
2015-04-17,149.60000610351562,-0.015595151004477503
2015-04-20,152.6699981689453,0.020521336498511955
2015-04-21,153.3300018310547,0.004323073754012974
2015-04-22,151.19000244140625,-0.013956821001061326
2015-04-23,149.8699951171875,-0.00873078446261899
2015-04-24,148.39999389648438,-0.009808509165251444
2015-04-27,147.8000030517578,-0.004043065157705361
2015-04-28,147.50999450683594,-0.001962168734328862
2015-04-29,146.14999389648438,-0.009219718398732257
2015-04-30,143.33999633789062,-0.019226805856618956
2015-05-01,144.6699981689453,0.00927865121413518
2015-05-04,144.02000427246094,-0.004492941900264058
2015-05-05,142.91000366210938,-0.007707266889477649
2015-05-06,141.0399932861328,-0.01308523076101753
2015-05-07,141.49000549316406,0.003190670933444384
2015-05-08,145.4600067138672,0.028058527574903014
2015-05-11,145.88999938964844,0.0029560886562247646
2015-05-12,145.42999267578125,-0.0031531065583089157
2015-05-13,145.6199951171875,0.0013064873201900085
2015-05-14,147.9600067138672,0.01606930143622498
2015-05-15,146.8800048828125,-0.007299282117114614
2015-05-18,146.7100067138672,-0.0011573949026005836
2015-05-19,147.0500030517578,0.002317472035521906
2015-05-20,146.4199981689453,-0.0042842901716279025
2015-05-21,147.35000610351562,0.0063516455825742835
2015-05-22,144.80999755859375,-0.017237926295961437
2015-05-26,142.8000030517578,-0.013880219188752152
2015-05-27,143.0,0.0014005388233058191
2015-05-28,142.3300018310547,-0.004685301880736459
2015-05-29,140.52000427246094,-0.01271690813818871
2015-06-01,141.25,0.005194959474407845
2015-06-02,143.25,0.014159292035398341
2015-06-03,143.80999755859375,0.003909232520724171
2015-06-04,141.19000244140625,-0.01821844907632386
2015-06-05,140.72999572753906,-0.003258068601975528
2015-06-08,140.63999938964844,-0.0006394964870521935
2015-06-09,140.10000610351562,-0.003839542722385403
2015-06-10,141.6199951171875,0.010849314400092291
2015-06-11,142.9600067138672,0.009462022616021581
2015-06-12,142.8000030517578,-0.0011192197439499063
2015-06-15,142.2899932861328,-0.0035714968818323367
2015-06-16,142.33999633789062,0.00035141650233461164
2015-06-17,143.42999267578125,0.0076576954189542246
2015-06-18,145.3800048828125,0.013595567918902374
2015-06-19,145.1300048828125,-0.0017196312532904434
2015-06-22,145.6999969482422,0.003927458459675126
2015-06-23,144.42999267578125,-0.008716570343595076
2015-06-24,143.0,-0.009900939889897487
2015-06-25,142.4499969482422,-0.0038461751871176064
2015-06-26,142.47999572753906,0.0002105916457673107
2015-06-29,138.72999572753906,-0.026319484225498124
2015-06-30,138.72000122070312,-7.20428684763963e-05
2015-07-01,140.72999572753906,0.014489579650724282
2015-07-02,140.2100067138672,-0.0036949408758499835
2015-07-06,140.52000427246094,0.002210951742027678
2015-07-07,143.14999389648438,0.018716122573722904
2015-07-08,141.9199981689453,-0.00859235612981235
2015-07-09,142.8000030517578,0.006200710922818153
2015-07-10,144.47999572753906,0.011764654340884917
2015-07-13,146.6199951171875,0.01481173486247922
2015-07-14,147.75,0.007707031240243412
2015-07-15,146.88999938964844,-0.0058206471089784495
2015-07-16,148.49000549316406,0.010892546192143193
2015-07-17,146.83999633789062,-0.01111192062922639
2015-07-20,146.72000122070312,-0.0008171827852091473
2015-07-21,145.0,-0.011723018037028354
2015-07-22,146.47000122070312,0.010137939453124911
2015-07-23,146.11000061035156,-0.0024578453427409608
2015-07-24,144.05999755859375,-0.014030545775061576
2015-07-27,141.02999877929688,-0.021032894839974392
2015-07-28,141.80999755859375,0.00553072953306577
2015-07-29,144.13999938964844,0.01643044828409912
2015-07-30,143.00999450683594,-0.007839634297193254
2015-07-31,144.1699981689453,0.008111346805582453
2015-08-03,143.69000244140625,-0.0033293731957780848
2015-08-04,143.5399932861328,-0.0010439776792029454
2015-08-05,144.9499969482422,0.00982307181315445
2015-08-06,143.82000732421875,-0.007795720233281012
2015-08-07,142.4199981689453,-0.009734453372105212
2015-08-10,145.86000061035156,0.024153928420400428
2015-08-11,144.0500030517578,-0.012409142678046159
2015-08-12,142.42999267578125,-0.011246166897993626
2015-08-13,144.80999755859375,0.01670999793021255
2015-08-14,145.08999633789062,0.0019335597266589843
2015-08-17,144.44000244140625,-0.00447993599069807
2015-08-18,144.60000610351562,0.0011077517267024106
2015-08-19,142.72000122070312,-0.013001416344800454
2015-08-20,137.02000427246094,-0.03993831908274492
2015-08-21,131.7100067138672,-0.038753447620939685
2015-08-24,127.19000244140624,-0.03431785014088118
2015-08-25,125.48999786376952,-0.013365866381045755
2015-08-26,129.33999633789062,0.030679723799984515
2015-08-27,131.8699951171875,0.01956083849490331
2015-08-28,133.24000549316406,0.010389098556946808
2015-08-31,130.67999267578125,-0.01921354482017157
2015-09-01,127.44000244140624,-0.0247933150900419
2015-09-02,130.6300048828125,0.02503140599728848
2015-09-03,131.02000427246094,0.0029855268703258275
2015-09-04,129.75999450683594,-0.009616926610723997
2015-09-08,133.82000732421875,0.03128863277786986
2015-09-09,132.64999389648438,-0.008743187593015622
2015-09-10,133.5500030517578,0.006784841286730625
2015-09-11,134.6699981689453,0.008386335391946442
2015-09-14,134.42999267578125,-0.0017821749196356151
2015-09-15,136.3000030517578,0.013910663377678434
2015-09-16,137.1999969482422,0.006603036510150373
2015-09-17,137.4499969482422,0.0018221574749328617
2015-09-18,136.08999633789062,-0.009894511753708368
2015-09-21,136.02000427246094,-0.0005143072034178298
2015-09-22,133.99000549316406,-0.014924266398570252
2015-09-23,131.6699981689453,-0.017314778932053354
2015-09-24,129.75,-0.014581895615140561
2015-09-25,131.00999450683594,0.009710940322434913
2015-09-28,128.1300048828125,-0.021982976450496405
2015-09-29,128.75,0.004838797264969719
2015-09-30,130.9499969482422,0.017087354937803445
2015-10-01,130.61000061035156,-0.0025963829386342896
2015-10-02,132.55999755859375,0.014929920673223185
2015-10-05,134.02000427246094,0.0110139313575488
2015-10-06,134.6300048828125,0.004551563877818188
2015-10-07,137.02000427246094,0.017752353137985732
2015-10-08,139.0399932861328,0.01474229273599481
2015-10-09,139.6999969482422,0.004746862010782227
2015-10-12,140.67999267578125,0.007015001782012531
2015-10-13,140.2899932861328,-0.002772244881667385
2015-10-14,134.22000122070312,-0.04326746279793059
2015-10-15,137.38999938964844,0.02361792683739261
2015-10-16,137.60000610351562,0.0015285443977008928
2015-10-19,138.4199981689453,0.005959244397219177
2015-10-20,138.8800048828125,0.0033232677355314877
2015-10-21,141.19000244140625,0.016633046352086067
2015-10-22,146.30999755859375,0.036263156233829585
2015-10-23,146.6999969482422,0.0026655689710626262
2015-10-26,146.6999969482422,0.0
2015-10-27,148.4600067138672,0.01199734016522136
2015-10-28,147.8800048828125,-0.003906788393001626
2015-10-29,147.17999267578125,-0.00473365014821292
2015-10-30,148.07000732421875,0.006047117086070752
2015-11-02,148.39999389648438,0.0022285848311134338
2015-11-03,148.08999633789062,-0.002088932421452694
2015-11-04,148.19000244140625,0.0006753062731357229
2015-11-05,147.97000122070312,-0.0014845888189394252
2015-11-06,147.94000244140625,-0.00020273554808003524
2015-11-09,145.97999572753906,-0.013248659466823187
2015-11-10,145.14999389648438,-0.005685723080879002
2015-11-11,144.99000549316406,-0.0011022281091820352
2015-11-12,142.5399932861328,-0.01689780063596702
2015-11-13,142.58999633789062,0.00035080015513577756
2015-11-16,144.4199981689453,0.012834012750222668
2015-11-17,146.0800018310547,0.011494278376651623
2015-11-18,148.27999877929688,0.015060219884077908
2015-11-19,149.24000549316406,0.006474283259848779
2015-11-20,149.39999389648438,0.0010720208887129434
2015-11-23,148.33999633789062,-0.007095030802532709
2015-11-24,148.64999389648438,0.0020897773105483797
2015-11-25,147.42999267578125,-0.008207206665293953
2015-11-27,146.9499969482422,-0.003255753587362964
2015-11-30,145.4499969482422,-0.010207553801639846
2015-12-01,147.74000549316406,0.015744301086075385
2015-12-02,146.9600067138672,-0.005279536688070352
2015-12-03,145.55999755859375,-0.00952646360447762
2015-12-04,148.5,0.020197873665275257
2015-12-07,148.4499969482422,-0.00033672088725800187
2015-12-08,144.99000549316406,-0.023307453864646832
2015-12-09,144.24000549316406,-0.005172770339920807
2015-12-10,146.41000366210938,0.015044357226179805
2015-12-11,144.6199951171875,-0.012225998908195645
2015-12-14,143.0,-0.011201736771424997
2015-12-15,146.52999877929688,0.024685306148929165
2015-12-16,148.11000061035156,0.010782787444327147
2015-12-17,145.55999755859375,-0.017216953894061304
2015-12-18,139.5800018310547,-0.04108268636877299
2015-12-21,140.89999389648438,0.009456885285238581
2015-12-22,142.3800048828125,0.010503981905176207
2015-12-23,144.05999755859375,0.011799358183503195
2015-12-24,143.52999877929688,-0.0036790142182343555
2015-12-28,144.5399932861328,0.007036818194285477
2015-12-29,147.35000610351562,0.019441074774509515
2015-12-30,146.41000366210938,-0.006379385154187789
2015-12-31,144.58999633789062,-0.012430894602113662
2016-01-04,140.5,-0.02828685553274901
2016-01-05,141.07000732421875,0.004056991631450124
2016-01-06,138.8300018310547,-0.015878679923904016
2016-01-07,133.00999450683594,-0.04192182703635805
2016-01-08,129.99000549316406,-0.02270497810987182
2016-01-11,130.2100067138672,0.0016924471990633627
2016-01-12,131.9199981689453,0.013132565601012391
2016-01-13,128.1199951171875,-0.0288053601008339
2016-01-14,129.1999969482422,0.008429611865554909
2016-01-15,125.62999725341795,-0.027631577237996252
2016-01-19,126.05999755859376,0.003422751847303118
2016-01-20,122.13999938964844,-0.031096289424591528
2016-01-21,123.4000015258789,0.01031604832591193
2016-01-22,124.61000061035156,0.00980550299441374
2016-01-25,124.01000213623048,-0.00481501060253775
2016-01-26,128.00999450683594,0.03225540119103698
2016-01-27,116.58000183105467,-0.0892898458422392
2016-01-28,118.01000213623048,0.01226625735731357
2016-01-29,120.12999725341795,0.017964537571486083
2016-02-01,121.55999755859376,0.011903773727382827
2016-02-02,117.5199966430664,-0.03323462484918216
2016-02-03,121.87000274658205,0.03701502916756838
2016-02-04,123.61000061035156,0.014277490970338924
2016-02-05,122.55999755859376,-0.008494483023810173
2016-02-08,119.47000122070312,-0.025212111614259514
2016-02-09,118.87999725341795,-0.004938511435981563
2016-02-10,116.36000061035156,-0.02119781881971683
2016-02-11,108.44000244140624,-0.06806461092645222
2016-02-12,108.62999725341795,0.0017520731071025697
2016-02-16,112.5999984741211,0.03654608598987363
2016-02-17,116.33999633789062,0.0332149015493024
2016-02-18,117.56999969482422,0.010572489218249936
2016-02-19,115.16000366210938,-0.020498392778518837
2016-02-22,117.38999938964844,0.019364324909906028
2016-02-23,116.9000015258789,-0.004174102277171854
2016-02-24,115.58999633789062,-0.0112062033437893
2016-02-25,116.81999969482422,0.01064108829399113
2016-02-26,118.16000366210938,0.011470672579915409
2016-02-29,118.18000030517578,0.00016923360229048612
2016-03-01,119.95999908447266,0.015061759813000508
2016-03-02,119.6500015258789,-0.002584174399463457
2016-03-03,119.61000061035156,-0.00033431604694711403
2016-03-04,121.06999969482422,0.012206329546212702
2016-03-07,122.9000015258789,0.01511523776053103
2016-03-08,122.3499984741211,-0.004475207851335927
2016-03-09,122.86000061035156,0.00416838694393884
2016-03-10,122.94000244140624,0.0006511625480809524
2016-03-11,124.62999725341795,0.01374650055678317
2016-03-14,126.33999633789062,0.013720605970933386
2016-03-15,126.36000061035156,0.00015833681368349062
2016-03-16,127.56999969482422,0.009575807839728112
2016-03-17,130.6999969482422,0.024535527638987364
2016-03-18,133.9600067138672,0.024942691979679132
2016-03-21,135.86000061035156,0.014183292036873851
2016-03-22,135.1199951171875,-0.00544682386161921
2016-03-23,132.86000061035156,-0.016725833248261157
2016-03-24,132.1199951171875,-0.005569814012979957
2016-03-28,131.2899932861328,-0.006282181817509835
2016-03-29,130.8800048828125,-0.003122769626675126
2016-03-30,128.5800018310547,-0.017573372294852785
2016-03-31,126.94000244140624,-0.01275470031337611
2016-04-01,126.95999908447266,0.0001575283022043905
2016-04-04,126.33999633789062,-0.0048834495199509
2016-04-05,127.02999877929688,0.005461472703868653
2016-04-06,127.93000030517578,0.007084952645261211
2016-04-07,127.0,-0.007269602930956576
2016-04-08,127.87999725341795,0.006929112231637502
2016-04-11,127.91000366210938,0.0002346450526735655
2016-04-12,129.47000122070312,0.01219605592940698
2016-04-13,131.13999938964844,0.012898726756776169
2016-04-14,130.85000610351562,-0.0022113259682972064
2016-04-15,131.1300048828125,0.002139845366727622
2016-04-18,131.97000122070312,0.006405828617495279
2016-04-19,132.67999267578125,0.0053799458097356645
2016-04-20,130.57000732421875,-0.015902814802820298
2016-04-21,130.74000549316406,0.00130196951374284
2016-04-22,131.0500030517578,0.0023710994765864246
2016-04-25,130.75,-0.002289225828093433
2016-04-26,133.24000549316406,0.019044019068176432
2016-04-27,137.0800018310547,0.02882014544864031
2016-04-28,134.8000030517578,-0.016632614158459624
2016-04-29,134.8000030517578,0.0
2016-05-02,134.00999450683594,-0.005860597381578292
2016-05-03,132.49000549316406,-0.011342355615083122
2016-05-04,130.88999938964844,-0.01207642869029979
2016-05-05,132.0800018310547,0.009091622331387716
2016-05-06,133.25999450683594,0.00893392382966951
2016-05-09,132.10000610351562,-0.008704700969057955
2016-05-10,134.72000122070312,0.019833421620998548
2016-05-11,133.0,-0.012767229847967076
2016-05-12,134.4199981689453,0.010676677961994896
2016-05-13,132.1199951171875,-0.01711057196167387
2016-05-16,134.13999938964844,0.015289163995723998
2016-05-17,132.55999755859375,-0.011778752335201093
2016-05-18,130.99000549316406,-0.011843633783530594
2016-05-19,128.0800018310547,-0.022215463318392192
2016-05-20,127.38999938964844,-0.005387276948327968
2016-05-23,127.58000183105467,0.0014915020199119944
2016-05-24,127.5,-0.0006270718757365179
2016-05-25,128.86000061035156,0.010666671453737786
2016-05-26,129.30999755859375,0.0034921383370383197
2016-05-27,129.22000122070312,-0.0006959735487570562
2016-05-31,126.1500015258789,-0.023757929622526208
2016-06-01,126.41000366210938,0.002061055355414565
2016-06-02,126.8499984741211,0.003480696141642481
2016-06-03,127.37999725341795,0.004178153611921198
2016-06-06,131.89999389648438,0.03548435186471277
2016-06-07,131.92999267578125,0.0002274357898790491
2016-06-08,133.0,0.00811041752157382
2016-06-09,133.10000610351562,0.0007519255903429833
2016-06-10,131.13999938964844,-0.014725819864672585
2016-06-13,129.9199981689453,-0.009303044276202987
2016-06-14,130.5,0.004464299870913457
2016-06-15,130.16000366210938,-0.002605335922533536
2016-06-16,129.3699951171875,-0.006069518459546952
2016-06-17,129.82000732421875,0.003478489789101591
2016-06-20,132.75,0.022569654217194257
2016-06-21,131.52000427246094,-0.009265504538900626
2016-06-22,131.77000427246094,0.0019008515197589393
2016-06-23,133.5500030517578,0.013508376121900811
2016-06-24,126.5199966430664,-0.0526395076604147
2016-06-27,122.6999969482422,-0.030192853273629527
2016-06-28,123.88999938964844,0.009698471646321316
2016-06-29,126.98999786376952,0.025022184917212087
2016-06-30,129.8699951171875,0.022678929851684515
2016-07-01,129.69000244140625,-0.00138594504156897
2016-07-05,126.97000122070312,-0.020973098693031655
2016-07-06,126.95999908447266,-7.877558584157285e-05
2016-07-07,127.16999816894533,0.0016540570729914883
2016-07-08,130.08999633789062,0.02296137619712857
2016-07-11,132.0399932861328,0.014989599532137188
2016-07-12,130.80999755859375,-0.009315327098462056
2016-07-13,130.11000061035156,-0.005351249608644304
2016-07-14,131.5500030517578,0.011067576932219936
2016-07-15,132.38999938964844,0.006385376802767073
2016-07-18,133.42999267578125,0.007855527539296414
2016-07-19,134.66000366210938,0.009218399564158819
2016-07-20,134.72000122070312,0.00044554846993993813
2016-07-21,133.52999877929688,-0.008833153433963736
2016-07-22,133.47000122070312,-0.00044931894811828244
2016-07-25,132.94000244140625,-0.00397092061474158
2016-07-26,134.85000610351562,0.01436741106538797
2016-07-27,135.9600067138672,0.008231372340461673
2016-07-28,133.00999450683594,-0.02169764681785913
2016-07-29,133.66000366210938,0.004886919646027277
2016-08-01,133.2100067138672,-0.003366728534437091
2016-08-02,131.60000610351562,-0.012086183688961305
2016-08-03,131.8699951171875,0.00205158815463502
2016-08-04,131.2100067138672,-0.0050048413419125914
2016-08-05,131.72999572753906,0.003963028633980903
2016-08-08,132.19000244140625,0.003492042274248819
2016-08-09,132.6199951171875,0.0032528380954668368
2016-08-10,132.27999877929688,-0.0025636883607950134
2016-08-11,133.0,0.005443008976016239
2016-08-12,133.10000610351562,0.0007519255903429833
2016-08-15,134.66000366210938,0.011720492013955974
2016-08-16,135.0,0.002524850205289919
2016-08-17,134.72000122070312,-0.00207406503182872
2016-08-18,135.0,0.0020783757182287754
2016-08-19,134.44000244140625,-0.00414813006365744
2016-08-22,134.99000549316406,0.004091066957526479
2016-08-23,134.13999938964844,-0.00629680768150398
2016-08-24,133.2899932861328,-0.0063367087176327
2016-08-25,132.97999572753906,-0.0023257376713065048
2016-08-26,132.22999572753906,-0.005639946037723331
2016-08-29,132.89999389648438,0.005066915152336815
2016-08-30,130.80999755859375,-0.015726083023890336
2016-08-31,129.4499969482422,-0.010396763517577345
2016-09-01,129.89999389648438,0.003476222161844511
2016-09-02,131.16000366210938,0.009699844686898773
2016-09-06,132.99000549316406,0.01395243809057134
2016-09-07,132.63999938964844,-0.002631822611163237
2016-09-08,132.89999389648438,0.0019601515985547824
2016-09-09,128.52999877929688,-0.03288183083432861
2016-09-12,130.1199951171875,0.012370624391126572
2016-09-13,128.75999450683594,-0.010451895645452014
2016-09-14,127.66999816894533,-0.00846533383342718
2016-09-15,127.7699966430664,0.0007832574258264113
2016-09-16,126.6999969482422,-0.008374420622498047
2016-09-19,127.4800033569336,0.006156325394467199
2016-09-20,127.79000091552734,0.0024317347853042293
2016-09-21,130.55999755859375,0.021676161070672828
2016-09-22,131.8699951171875,0.010033682468520544
2016-09-23,131.77999877929688,-0.0006824625860542
2016-09-26,130.57000732421875,-0.009181905192643058
2016-09-27,131.32000732421875,0.005744045017457067
2016-09-28,132.22999572753906,0.006929548831608123
2016-09-29,131.02999877929688,-0.009075073636958919
2016-09-30,131.74000549316406,0.005418657715650976
2016-10-03,132.3800048828125,0.0048580489066523125
2016-10-04,132.25,-0.0009820583019889417
2016-10-05,134.66000366210938,0.018223090072660764
2016-10-06,134.4199981689453,-0.0017823071932054901
2016-10-07,133.85000610351562,-0.004240381440217655
2016-10-10,135.83999633789062,0.014867315230721712
2016-10-11,133.74000549316406,-0.015459296976886083
2016-10-12,133.16000366210938,-0.0043367863558546604
2016-10-13,133.3800048828125,0.0016521569138836512
2016-10-14,133.5,0.0008996484689960393
2016-10-17,134.0,0.0037453183520599342
2016-10-18,135.10000610351562,0.008209000772504638
2016-10-19,136.17999267578125,0.007993978708173533
2016-10-20,135.83999633789062,-0.0024966687926036846
2016-10-21,135.6300048828125,-0.0015458735331219664
2016-10-24,137.4499969482422,0.013418801149511106
2016-10-25,139.02000427246094,0.011422388934718919
2016-10-26,145.5399932861328,0.046899646189720645
2016-10-27,143.30999755859375,-0.015322219530097603
2016-10-28,143.00999450683594,-0.0020933853664686364
2016-10-31,142.42999267578125,-0.004055673402791227
2016-11-01,142.41000366210938,-0.00014034272765406364
2016-11-02,140.75,-0.011656510212920135
2016-11-03,140.02000427246094,-0.005186470533137255
2016-11-04,139.5399932861328,-0.0034281600605731155
2016-11-07,143.02999877929688,0.025010790175456377
2016-11-08,142.1999969482422,-0.0058029912475593415
2016-11-09,145.08999633789062,0.02032348418896479
2016-11-10,147.69000244140625,0.017919954298300844
2016-11-11,148.52000427246094,0.005619891782343123
2016-11-14,149.99000549316406,0.009897664815619045
2016-11-15,148.11000061035156,-0.012534201039803183
2016-11-16,146.44000244140625,-0.011275391007112057
2016-11-17,145.3300018310547,-0.0075799002447825
2016-11-18,146.35000610351562,0.0070185389087567
2016-11-21,147.02000427246094,0.004578053577062535
2016-11-22,149.52000427246094,0.017004488690987474
2016-11-23,149.74000549316406,0.0014713831889827667
2016-11-25,150.0399932861328,0.002003391090982909
2016-11-28,149.77000427246094,-0.001799446985824571
2016-11-29,151.63999938964844,0.012485778619499843
2016-11-30,150.55999755859375,-0.007122143467434006
2016-12-01,152.38999938964844,0.012154635100485534
2016-12-02,152.25,-0.0009186914509426991
2016-12-05,152.16000366210938,-0.0005911089516625889
2016-12-06,152.24000549316406,0.0005257743765065825
2016-12-07,154.13999938964844,0.012480253730480229
2016-12-08,155.38999938964844,0.00810951086641798
2016-12-09,156.49000549316406,0.007079001916701966
2016-12-12,157.16000366210938,0.0042814118820806435
2016-12-13,156.66000366210938,-0.0031814710381082856
2016-12-14,154.47000122070312,-0.013979333526186632
2016-12-15,153.77000427246094,-0.004531604471486039
2016-12-16,154.5,0.004747322021566802
2016-12-19,156.17999267578125,0.010873739001820315
2016-12-20,156.38999938964844,0.0013446454329342217
2016-12-21,157.47999572753906,0.0069697317101131695
2016-12-22,157.4600067138672,-0.00012693049412104696
2016-12-23,157.80999755859375,0.0022227285012286213
2016-12-27,157.47999572753906,-0.0020911338708573535
2016-12-28,156.10000610351562,-0.008762951876192582
2016-12-29,155.69000244140625,-0.002626544817925791
2016-12-30,155.67999267578125,-6.42929248380053e-05
2017-01-03,156.97000122070312,0.008286283437900943
2017-01-04,158.6199951171875,0.010511523753920615
2017-01-05,158.7100067138672,0.0005674668985657938
2017-01-06,159.10000610351562,0.002457308128979818
2017-01-09,158.32000732421875,-0.004902569134971557
2017-01-10,159.07000732421875,0.004737240811668819
2017-01-11,159.39999389648438,0.0020744738610154467
2017-01-12,158.2899932861328,-0.006963617646512654
2017-01-13,158.8300018310547,0.0034115141059216647
2017-01-17,157.6699981689453,-0.007303429130116501
2017-01-18,158.32000732421875,0.004122592521228707
2017-01-19,159.0,0.00429505207379588
2017-01-20,159.52999877929688,0.0033333256559551216
2017-01-23,157.83999633789062,-0.010593634139898
2017-01-24,160.5500030517578,0.01716932828651263
2017-01-25,167.36000061035156,0.04241667660634274
2017-01-26,169.1199951171875,0.010516219529262294
2017-01-27,167.6999969482422,-0.00839639433504813
2017-01-30,165.57000732421875,-0.012701190595017287
2017-01-31,163.4199981689453,-0.012985498944040552
2017-02-01,163.97000122070312,0.0033655798428611217
2017-02-02,162.25999450683594,-0.010428777832144576
2017-02-03,162.39999389648438,0.0008628090372735375
2017-02-06,163.97999572753906,0.009729075680026122
2017-02-07,166.5,0.015367754226851327
2017-02-08,163.80999755859375,-0.0161561708192568
2017-02-09,164.27999877929688,0.0028691852005857665
2017-02-10,166.22999572753906,0.011869959597832214
2017-02-13,168.02999877929688,0.010828388967224267
2017-02-14,168.5,0.0027971268470963206
2017-02-15,169.3000030517578,0.004747792592034505
2017-02-16,170.80999755859375,0.008919045951666593
2017-02-17,172.7100067138672,0.011123524280958197
2017-02-21,175.55999755859375,0.01650159651402361
2017-02-22,175.36000061035156,-0.0011391942983790537
2017-02-23,176.86000061035156,0.008553832087016211
2017-02-24,177.44000244140625,0.0032794403994858
2017-02-27,179.42999267578125,0.01121500342084425
2017-02-28,180.22999572753903,0.004458580418065017
2017-03-01,183.9100036621093,0.020418398833751628
2017-03-02,182.9900054931641,-0.0050024367931365
2017-03-03,182.17999267578125,-0.004426541303170217
2017-03-06,180.92999267578125,-0.0068613461974640355
2017-03-07,182.0200042724609,0.006024493676031417
2017-03-08,181.7400054931641,-0.001538285752799462
2017-03-09,180.57000732421875,-0.006437757970626623
2017-03-10,178.6999969482422,-0.010356151631643384
2017-03-13,179.0500030517578,0.001958624003877363
2017-03-14,178.72999572753906,-0.0017872511519938516
2017-03-15,178.7100067138672,-0.00011183916605883581
2017-03-16,178.19000244140625,-0.00290976583809055
2017-03-17,180.10000610351562,0.010718915965767684
2017-03-20,179.38999938964844,-0.003942291448114088
2017-03-21,175.9600067138672,-0.01912031154162086
2017-03-22,176.97999572753906,0.00579670933594878
2017-03-23,177.25999450683594,0.0015820928130654277
2017-03-24,175.82000732421875,-0.00812358810358449
2017-03-27,176.10000610351562,0.0015925308135185112
2017-03-28,177.36000061035156,0.007154994112239077
2017-03-29,177.6300048828125,0.0015223515535169874
2017-03-30,177.97999572753906,0.00197033628951071
2017-03-31,176.86000061035156,-0.006292814608794828
2017-04-03,176.64999389648438,-0.001187417805848967
2017-04-04,178.6999969482422,0.011604886060506248
2017-04-05,177.0800018310547,-0.009065445690280005
2017-04-06,177.3699951171875,0.0016376399544510978
2017-04-07,178.85000610351562,0.008344201539557394
2017-04-10,177.55999755859375,-0.007212795643827041
2017-04-11,178.57000732421875,0.005688273144359046
2017-04-12,176.0500030517578,-0.014112136244053164
2017-04-13,175.6199951171875,-0.0024425329572069776
2017-04-17,179.02000427246094,0.01936003444826806
2017-04-18,177.85000610351562,-0.006535572232277631
2017-04-19,178.39999389648438,0.00309242493165085
2017-04-20,179.3000030517578,0.0050448945407233214
2017-04-21,180.3800048828125,0.006023434538051431
2017-04-24,182.0599975585937,0.009313630282206997
2017-04-25,183.509994506836,0.00796439068266852
2017-04-26,181.7100067138672,-0.009808663543400375
2017-04-27,183.22000122070312,0.008309913879501751
2017-04-28,184.8300018310547,0.008787253572890119
2017-05-01,182.38999938964844,-0.013201333210160038
2017-05-02,183.44000244140625,0.005756911317898794
2017-05-03,183.38999938964844,-0.00027258531995377755
2017-05-04,183.07000732421875,-0.0017448719477325403
2017-05-05,185.009994506836,0.010596968946319674
2017-05-08,186.0200042724609,0.005459217315892495
2017-05-09,186.9100036621093,0.004784428390533835
2017-05-10,183.17999267578125,-0.019956187005758408
2017-05-11,183.94000244140625,0.004148978032607387
2017-05-12,183.25,-0.003751236448015449
2017-05-15,182.38999938964844,-0.0046930456226551565
2017-05-16,182.6999969482422,0.0016996412063772226
2017-05-17,178.77999877929688,-0.02145592903351734
2017-05-18,177.39999389648438,-0.007719011590978431
2017-05-19,180.759994506836,0.018940252119243217
2017-05-22,183.6699981689453,0.01609871515015593
2017-05-23,183.4900054931641,-0.0009799786441749836
2017-05-24,185.25,0.00959177314375026
2017-05-25,187.07000732421875,0.009824600940452122
2017-05-26,186.58999633789065,-0.0025659430562600116
2017-05-30,186.8800048828125,0.001554255590405118
2017-05-31,187.6300048828125,0.004013270443086192
2017-06-01,187.32000732421875,-0.001652174761639924
2017-06-02,190.22999572753903,0.015534851001172578
2017-06-05,188.9499969482422,-0.006728690574803742
2017-06-06,186.75,-0.01164327591307035
2017-06-07,188.1000061035156,0.007228948345465058
2017-06-08,189.92999267578125,0.009728795921774669
2017-06-09,190.02999877929688,0.0005265419226669898
2017-06-12,190.0,-0.00015786338730505722
2017-06-13,191.08999633789065,0.0057368228310035185
2017-06-14,192.3800048828125,0.006750790568025522
2017-06-15,195.4499969482422,0.01595795814279022
2017-06-16,196.44000244140625,0.005065262259513981
2017-06-19,199.0800018310547,0.013439214807767552
2017-06-20,198.3300018310547,-0.0037673296820465163
2017-06-21,199.1699981689453,0.004235346796427564
2017-06-22,199.44000244140625,0.0013556473110569733
2017-06-23,202.22999572753903,0.013989135840250855
2017-06-26,199.97999572753903,-0.011125945940439919
2017-06-27,198.88999938964844,-0.005450526858574611
2017-06-28,199.6199951171875,0.003670349086325464
2017-06-29,197.4600067138672,-0.010820501233116842
2017-06-30,197.75,0.0014686178277762973
2017-07-03,198.58999633789065,0.004247769091735298
2017-07-05,201.8099975585937,0.016214317337638562
2017-07-06,201.47999572753903,-0.0016352105200281297
2017-07-07,202.3699951171875,0.004417308956329302
2017-07-10,203.9600067138672,0.007856953278864154
2017-07-11,206.2700042724609,0.01132573780424706
2017-07-12,206.44000244140625,0.000824153611403311
2017-07-13,206.22999572753903,-0.001017277230108693
2017-07-14,208.509994506836,0.011055611824330347
2017-07-17,209.0,0.002350033600657664
2017-07-18,208.2400054931641,-0.0036363373532818377
2017-07-19,210.8800048828125,0.012677676335035803
2017-07-20,210.27999877929688,-0.0028452489075436738
2017-07-21,212.13999938964844,0.008845352012312624
2017-07-24,212.17999267578125,0.0001885230802671778
2017-07-25,212.4600067138672,0.0013197004795537648
2017-07-26,233.4499969482422,0.09879501822026904
2017-07-27,241.0,0.0323409858661583
2017-07-28,241.2700042724609,0.0011203496782610234
2017-07-31,242.4600067138672,0.004932243628853472
2017-08-01,239.44000244140625,-0.012455680066135288
2017-08-02,237.9499969482422,-0.006222876202687466
2017-08-03,238.25,0.0012607819105081575
2017-08-04,237.7100067138672,-0.002266498577682352
2017-08-07,240.22999572753903,0.01060110614823695
2017-08-08,239.5,-0.0030387367960784673
2017-08-09,234.3099975585937,-0.02167015633155034
2017-08-10,232.8800048828125,-0.006102994710772358
2017-08-11,234.8800048828125,0.008588113870086955
2017-08-14,237.1499938964844,0.009664462561657539
2017-08-15,239.1699981689453,0.00851783396352368
2017-08-16,237.58999633789065,-0.006606187411259512
2017-08-17,235.58999633789065,-0.008417862834408596
2017-08-18,235.7700042724609,0.0007640729121285439
2017-08-21,235.67999267578125,-0.00038177713470133323
2017-08-22,239.75,0.017269210160820725
2017-08-23,238.08999633789065,-0.00692389431536744
2017-08-24,238.7400054931641,0.0027300985563079028
2017-08-25,235.88999938964844,-0.011937698072966074
2017-08-28,237.17999267578125,0.005468622194542361
2017-08-29,240.4900054931641,0.013955699973005498
2017-08-30,240.4600067138672,-0.00012474023290653946
2017-08-31,239.6600036621093,-0.0033269692648302263
2017-09-01,240.3300018310547,0.002795619455510101
2017-09-05,237.0,-0.013855955584752944
2017-09-06,234.6199951171875,-0.010042214695411444
2017-09-07,236.3099975585937,0.007203147543166866
2017-09-08,238.77999877929688,0.010452377158062243
2017-09-11,240.58999633789065,0.007580189160930395
2017-09-12,240.5800018310547,-4.154165587966219e-05
2017-09-13,241.92999267578125,0.005611400924647958
2017-09-14,245.22999572753903,0.013640322207508326
2017-09-15,249.0,0.01537334069299412
2017-09-18,253.0800018310547,0.016385549522307974
2017-09-19,252.4600067138672,-0.002449798928014002
2017-09-20,255.4600067138672,0.011883070269423479
2017-09-21,256.0400085449219,0.002270421262864586
2017-09-22,256.45001220703125,0.0016013265443921565
2017-09-25,254.32000732421875,-0.008305731259209082
2017-09-26,253.6999969482422,-0.002437914273831221
2017-09-27,255.27999877929688,0.006227835435792306
2017-09-28,254.2700042724609,-0.003956418488191726
2017-09-29,254.2100067138672,-0.00023596003297909895
2017-10-02,255.9900054931641,0.007002079903567493
2017-10-03,255.4600067138672,-0.002070388561756009
2017-10-04,255.759994506836,0.0011743043336909231
2017-10-05,258.8900146484375,0.012238114673238432
2017-10-06,258.5799865722656,-0.0011975281340722566
2017-10-09,258.3900146484375,-0.000734673732280644
2017-10-10,260.92999267578125,0.009830016190059077
2017-10-11,261.44000244140625,0.0019545846776560794
2017-10-12,261.9100036621094,0.0017977402704794088
2017-10-13,260.739990234375,-0.004467234589648594
2017-10-16,259.75,-0.003796848475314918
2017-10-17,258.6199951171875,-0.004350355660490801
2017-10-18,260.0400085449219,0.0054907333328613195
2017-10-19,259.0400085449219,-0.003845562094831445
2017-10-20,264.75,0.022042894019160375
2017-10-23,262.32000732421875,-0.009178442590297431
2017-10-24,266.0,0.014028638963984541
2017-10-25,258.4200134277344,-0.028496190121299336
2017-10-26,259.2699890136719,0.003289124455429171
2017-10-27,256.4599914550781,-0.010838113463435106
2017-10-30,259.25,0.010878923176641297
2017-10-31,257.9800109863281,-0.004898704006448873
2017-11-01,258.5,0.0020156174568868312
2017-11-02,262.6300048828125,0.015976808057301728
2017-11-03,261.75,-0.003350740077110226
2017-11-06,264.07000732421875,0.008863447274952252
2017-11-07,266.1300048828125,0.007800952404505956
2017-11-08,265.57000732421875,-0.0021042255601367854
2017-11-09,262.70001220703125,-0.010806924871164747
2017-11-10,260.8500061035156,-0.007042276427675409
2017-11-13,262.4200134277344,0.0060188126796352215
2017-11-14,261.760009765625,-0.0025150660328394636
2017-11-15,262.8599853515625,0.004202229312729511
2017-11-16,263.70001220703125,0.0031957197834628914
2017-11-17,262.260009765625,-0.00546075985872807
2017-11-20,264.6300048828125,0.00903681472179274
2017-11-21,266.989990234375,0.008918056562057686
2017-11-22,265.1499938964844,-0.006891630417587558
2017-11-24,265.8800048828125,0.0027532000872423357
2017-11-27,265.5799865722656,-0.001128397416267246
2017-11-28,267.989990234375,0.009074492747794372
2017-11-29,269.29998779296875,0.004888233166649547
2017-11-30,276.79998779296875,0.027849982695750564
2017-12-01,271.3800048828125,-0.019580863978253094
2017-12-04,277.9700012207031,0.024283278868449942
2017-12-05,275.5400085449219,-0.00874192418286135
2017-12-06,278.2699890136719,0.009907746185995103
2017-12-07,281.9700012207031,0.013296483103140133
2017-12-08,285.8999938964844,0.01393762690629341
2017-12-11,283.1600036621094,-0.009583736596255665
2017-12-12,289.94000244140625,0.023944055274795595
2017-12-13,291.8399963378906,0.006553058841435089
2017-12-14,293.8800048828125,0.006990160946136914
2017-12-15,293.94000244140625,0.00020415665440620678
2017-12-18,296.1400146484375,0.007484562117297422
2017-12-19,297.25,0.0037481775398715556
2017-12-20,297.8999938964844,0.0021866909890138064
2017-12-21,295.0299987792969,-0.009634089211108754
2017-12-22,295.1000061035156,0.0002372888333674883
2017-12-26,295.3599853515625,0.0008809869287351724
2017-12-27,295.6199951171875,0.000880314797265136
2017-12-28,296.3500061035156,0.002469423578871144
2017-12-29,294.9100036621094,-0.004859127422805809
2018-01-02,296.8399963378906,0.006544344551948633
2018-01-03,297.79998779296875,0.0032340367434360306
2018-01-04,296.6700134277344,-0.0037944070233473237
2018-01-05,308.8399963378906,0.041021951526357237
2018-01-08,310.1499938964844,0.0042416706842611784
2018-01-09,318.42999267578125,0.026696756221960216
2018-01-10,320.260009765625,0.005746999754847382
2018-01-11,328.1199951171875,0.024542512683099815
2018-01-12,336.2099914550781,0.024655603005849347
2018-01-16,335.1600036621094,-0.003123011866555503
2018-01-17,351.010009765625,0.047290863857057275
2018-01-18,340.1600036621094,-0.03091081679055352
2018-01-19,337.7300109863281,-0.0071436754751302844
2018-01-22,338.0,0.000799422630175517
2018-01-23,335.5899963378906,-0.007130188349436017
2018-01-24,334.69000244140625,-0.0026818257585312644
2018-01-25,343.1099853515625,0.025157557288046917
2018-01-26,343.2200012207031,0.00032064315769742
2018-01-29,340.82000732421875,-0.006992581690893673
2018-01-30,337.7099914550781,-0.009125097712300967
2018-01-31,354.3699951171875,0.049332279422136915
2018-02-01,356.94000244140625,0.007252327679065695
2018-02-02,348.9100036621094,-0.022496774596215352
2018-02-05,328.8800048828125,-0.057407350230904486
2018-02-06,340.9100036621094,0.036578687061207704
2018-02-07,348.1199951171875,0.021149251643035605
2018-02-08,329.6600036621094,-0.053027667798466904
2018-02-09,332.8299865722656,0.009615916019358517
2018-02-12,343.79998779296875,0.03295977424895047
2018-02-13,343.1600036621094,-0.0018615013193216123
2018-02-14,344.8500061035156,0.004924823474096618
2018-02-15,356.4599914550781,0.03366676858366491
2018-02-16,355.0400085449219,-0.003983568827345407
2018-02-20,353.3500061035156,-0.004760033801070707
2018-02-21,352.3699951171875,-0.0027734851263623295
2018-02-22,355.9200134277344,0.010074689558531302
2018-02-23,356.6600036621094,0.0020790913869901395
2018-02-26,363.4800109863281,0.019121873084148477
2018-02-27,364.6400146484375,0.003191382268757037
2018-02-28,362.2099914550781,-0.006664170402971958
2018-03-01,349.69000244140625,-0.03456555398534511
2018-03-02,344.6700134277344,-0.014355540560565538
2018-03-05,352.75,0.02344267344846851
2018-03-06,348.9200134277344,-0.01085750977254607
2018-03-07,347.0400085449219,-0.005388068355104192
2018-03-08,348.7300109863281,0.004869762562801139
2018-03-09,354.5199890136719,0.01660303915618755
2018-03-12,344.19000244140625,-0.02913795242125894
2018-03-13,338.6700134277344,-0.016037621588417816
2018-03-14,330.260009765625,-0.024832442580287384
2018-03-15,329.9800109863281,-0.0008478131502981379
2018-03-16,330.4700012207031,0.001484908837084964
2018-03-19,331.760009765625,0.0039035571766175003
2018-03-20,337.6300048828125,0.0176934981444401
2018-03-21,337.1000061035156,-0.0015697620816633728
2018-03-22,319.6099853515625,-0.051883774652268455
2018-03-23,321.0,0.0043490964367352
2018-03-26,328.9700012207031,0.024828664238950582
2018-03-27,321.1199951171875,-0.02386237673461633
2018-03-28,320.0199890136719,-0.0034255297715553024
2018-03-29,327.8800048828125,0.024561015370839323
2018-04-02,322.44000244140625,-0.016591443090134605
2018-04-03,330.82000732421875,0.02598934629500671
2018-04-04,327.44000244140625,-0.010217050988394205
2018-04-05,336.3999938964844,0.02736376553955555
2018-04-06,326.1199951171875,-0.030558855427506915
2018-04-09,322.4800109863281,-0.011161487137737125
2018-04-10,334.8299865722656,0.03829687163605655
2018-04-11,327.3599853515625,-0.022309833408815316
2018-04-12,337.4800109863281,0.030914058185509186
2018-04-13,329.2799987792969,-0.02429777154227797
2018-04-16,331.7699890136719,0.007561923723292896
2018-04-17,336.7200012207031,0.014920011968976743
2018-04-18,341.0,0.012710854014554185
2018-04-19,340.6400146484375,-0.0010556755177786314
2018-04-20,338.6700134277344,-0.005783234898977696
2018-04-23,338.8399963378906,0.0005019130818102457
2018-04-24,329.0599975585937,-0.028863176971423266
2018-04-25,342.8599853515625,0.04193760376635125
2018-04-26,342.7900085449219,-0.00020409732727744156
2018-04-27,340.8800048828125,-0.005571935046231324
2018-04-30,333.5599975585937,-0.02147385361231524
2018-05-01,329.5400085449219,-0.012051771924376675
2018-05-02,324.19000244140625,-0.016234769572102903
2018-05-03,330.69000244140625,0.02004997054520463
2018-05-04,334.42999267578125,0.011309656193908335
2018-05-07,340.42999267578125,0.01794097458781696
2018-05-08,338.3699951171875,-0.006051163537037829
2018-05-09,344.5,0.018116277953928783
2018-05-10,344.07000732421875,-0.0012481645160559163
2018-05-11,342.4599914550781,-0.004679326401221262
2018-05-14,344.5899963378906,0.006219718904279414
2018-05-15,342.1199951171875,-0.007167942328427768
2018-05-16,340.9700012207031,-0.0033613758707393693
2018-05-17,344.1400146484375,0.00929704494936634
2018-05-18,351.2300109863281,0.020602069030343673
2018-05-21,363.9200134277344,0.036130176933827585
2018-05-22,355.0199890136719,-0.024455990562964214
2018-05-23,359.2099914550781,0.01180215923347605
2018-05-24,359.0,-0.000584592467006595
2018-05-25,360.0899963378906,0.0030362014983025265
2018-05-29,352.4800109863281,-0.021133565022510847
2018-05-30,358.19000244140625,0.016199475933685203
2018-05-31,352.1600036621094,-0.016834637310356726
2018-06-01,356.7200012207031,0.0129486526328213
2018-06-04,360.7300109863281,0.011241337048392808
2018-06-05,360.1000061035156,-0.001746472052851722
2018-06-06,371.55999755859375,0.03182446892762281
2018-06-07,368.5299987792969,-0.008154803528921506
2018-06-08,369.5,0.0026320821206309297
2018-06-11,370.9400024414063,0.0038971649293810806
2018-06-12,370.6199951171875,-0.000862692947950161
2018-06-13,363.8500061035156,-0.018266658849669604
2018-06-14,362.4200134277344,-0.003930170817076806
2018-06-15,357.8800048828125,-0.012526925602101557
2018-06-18,354.739990234375,-0.008773931501050769
2018-06-19,341.1199951171875,-0.0383943042570104
2018-06-20,342.69000244140625,0.0046025074656774745
2018-06-21,337.6600036621094,-0.014677985186208997
2018-06-22,338.9100036621094,0.003701948665649102
2018-06-25,331.20001220703125,-0.02274937703746549
2018-06-26,331.29998779296875,0.00030185864206733193
2018-06-27,329.82000732421875,-0.004467191437612872
2018-06-28,334.6499938964844,0.014644310426922269
2018-06-29,335.510009765625,0.0025698965630540638
2018-07-02,336.0799865722656,0.0016988369647712442
2018-07-03,332.92999267578125,-0.009372750602056557
2018-07-05,333.17999267578125,0.0007509086159247502
2018-07-06,334.6400146484375,0.004382081771869828
2018-07-09,341.9200134277344,0.021754716891657422
2018-07-10,347.1600036621094,0.015325193111231705
2018-07-11,340.6000061035156,-0.01889617896472484
2018-07-12,346.0299987792969,0.015942432702514386
2018-07-13,350.7900085449219,0.013756060984357
2018-07-16,356.1000061035156,0.015137254281043067
2018-07-17,356.8800048828125,0.002190392490670545
2018-07-18,360.2300109863281,0.009386925738850582
2018-07-19,355.3299865722656,-0.01360248803437003
2018-07-20,354.8999938964844,-0.0012101221175540022
2018-07-23,353.2699890136719,-0.004592856891645791
2018-07-24,358.2699890136719,0.014153480780974226
2018-07-25,355.9200134277344,-0.006559230909647384
2018-07-26,359.32000732421875,0.00955269096486111
2018-07-27,360.6499938964844,0.003701398600567174
2018-07-30,351.0599975585937,-0.02659086787796605
2018-07-31,356.29998779296875,0.014926195723853342
2018-08-01,352.760009765625,-0.00993538632788471
2018-08-02,349.7300109863281,-0.008589405531851613
2018-08-03,348.44000244140625,-0.0036885840631283306
2018-08-06,346.57000732421875,-0.005366763586514334
2018-08-07,350.760009765625,0.012089916475335638
2018-08-08,347.7799987792969,-0.008495868694721964
2018-08-09,343.7200012207031,-0.011674039832205052
2018-08-10,339.4100036621094,-0.01253926900758473
2018-08-13,338.3599853515625,-0.0030936575210440687
2018-08-14,339.1400146484375,0.0023053237103807245
2018-08-15,331.760009765625,-0.021760938149580578
2018-08-16,345.9800109863281,0.042862312521478874
2018-08-17,346.3999938964844,0.0012138935684722352
2018-08-20,350.739990234375,0.01252885800912451
2018-08-21,353.7699890136719,0.008638874561387011
2018-08-22,350.0299987792969,-0.01057181318517797
2018-08-23,347.4800109863281,-0.007285055000604612
2018-08-24,349.3800048828125,0.005467922862933072
2018-08-27,353.739990234375,0.012479206853938107
2018-08-28,351.2099914550781,-0.007152142390292382
2018-08-29,350.19000244140625,-0.002904214112605441
2018-08-30,346.8999938964844,-0.009394924246794778
2018-08-31,342.7900085449219,-0.011847752735299588
2018-09-04,346.25,0.010093618159307205
2018-09-05,346.67999267578125,0.0012418561033393782
2018-09-06,351.2699890136719,0.01323986510575259
2018-09-07,349.2799987792969,-0.00566513023205506
2018-09-10,341.8599853515625,-0.021243739846732335
2018-09-11,345.25,0.009916383296370013
2018-09-12,353.4100036621094,0.023635057674465942
2018-09-13,355.4599914550781,0.005800593564772694
2018-09-14,359.79998779296875,0.012209521302593895
2018-09-17,355.9599914550781,-0.0106725860705148
2018-09-18,363.5799865722656,0.021406886448217977
2018-09-19,365.2200012207031,0.004510739614408177
2018-09-20,367.4599914550781,0.006133262764602465
2018-09-21,372.2300109863281,0.01298105818911477
2018-09-24,367.989990234375,-0.011390862173412564
2018-09-25,367.2300109863281,-0.002065217174963996
2018-09-26,365.0299987792969,-0.0059908290205430426
2018-09-27,367.3900146484375,0.006465265531689912
2018-09-28,371.8999938964844,0.01227572625337281
2018-10-01,382.2900085449219,0.02793765748576349
2018-10-02,386.3699951171875,0.010672490729733974
2018-10-03,392.2999877929688,0.015347963741290771
2018-10-04,389.989990234375,-0.005888344711886373
2018-10-05,386.4700012207031,-0.009025844513487202
2018-10-08,385.7699890136719,-0.0018112976552389082
2018-10-09,385.4400024414063,-0.0008553972099003548
2018-10-10,367.4700012207031,-0.04662204521295099
2018-10-11,358.1099853515625,-0.025471510158781574
2018-10-12,360.1099853515625,0.00558487638381977
2018-10-15,358.8800048828125,-0.0034155689061196037
2018-10-16,368.25,0.026108991834881357
2018-10-17,365.5,-0.007467752885268131
2018-10-18,359.3500061035156,-0.016826248690791745
2018-10-19,356.260009765625,-0.00859884871408767
2018-10-22,355.9800109863281,-0.0007859394027442956
2018-10-23,350.04998779296875,-0.016658303866357027
2018-10-24,354.6499938964844,0.013140997754401251
2018-10-25,363.7699890136719,0.025715480823748305
2018-10-26,359.2699890136719,-0.012370454231810935
2018-10-29,335.5899963378906,-0.06591141314305582
2018-10-30,349.9100036621094,0.0426711388315657
2018-10-31,354.8599853515625,0.014146442335592813
2018-11-01,363.0700073242188,0.02313594744846359
2018-11-02,357.75,-0.014652841647335713
2018-11-05,361.9800109863281,0.011823930080581802
2018-11-06,366.4700012207031,0.012403972866182889
2018-11-07,372.0199890136719,0.015144453228045585
2018-11-08,370.7699890136719,-0.0033600345059793257
2018-11-09,369.3399963378906,-0.0038568188314953566
2018-11-12,357.0299987792969,-0.033329717010480375
2018-11-13,349.510009765625,-0.021062625099804166
2018-11-14,344.7200012207031,-0.013704925212682628
2018-11-15,341.57000732421875,-0.009137833271437135
2018-11-16,335.95001220703125,-0.016453420958160936
2018-11-19,320.94000244140625,-0.04467929519340208
2018-11-20,317.70001220703125,-0.01009531441929401
2018-11-21,317.32000732421875,-0.0011961122701024118
2018-11-23,312.32000732421875,-0.01575696421464945
2018-11-26,316.3599853515625,0.01293538016330098
2018-11-27,318.0299987792969,0.005278838996905844
2018-11-28,333.5,0.04864321378512115
2018-11-29,342.5599975585937,0.02716640947104554
2018-11-30,346.760009765625,0.012260661597864875
2018-12-03,359.9599914550781,0.0380666204801845
2018-12-04,342.5,-0.04850536690063534
2018-12-06,331.8999938964844,-0.030948922929972644
2018-12-07,323.2200012207031,-0.026152433972289946
2018-12-10,326.3500061035156,0.009683821765334555
2018-12-11,322.0299987792969,-0.013237344088936509
2018-12-12,326.69000244140625,0.0144707129142434
2018-12-13,325.4700012207031,-0.0037344308414272165
2018-12-14,318.75,-0.020647067918699635
2018-12-17,316.1300048828125,-0.008219592524509767
2018-12-18,328.0599975585937,0.03773761582739854
2018-12-19,319.54998779296875,-0.02594040672119735
2018-12-20,313.04998779296875,-0.020341105455498387
2018-12-21,304.54998779296875,-0.027152213165462125
2018-12-24,294.1600036621094,-0.03411585797837047
2018-12-26,313.92999267578125,0.06720828381679289
2018-12-27,317.1400146484375,0.010225279672374299
2018-12-28,316.3800048828125,-0.0023964486678462738
2018-12-31,322.5,0.019343811311509196
2019-01-02,323.8099975585937,0.004062007933623768
2019-01-03,310.8999938964844,-0.03986907062612621
2019-01-04,327.0799865722656,0.052042434845362084
2019-01-07,328.1099853515625,0.003149073075644493
2019-01-08,340.5299987792969,0.03785320161599648
2019-01-09,343.8299865722656,0.009690740330655867
2019-01-10,352.6099853515625,0.025535872734158804
2019-01-11,352.8999938964844,0.0008224626555390913
2019-01-14,350.3599853515625,-0.007197530713664246
2019-01-15,352.239990234375,0.005365923511288173
2019-01-16,352.0599975585937,-0.0005109944378023368
2019-01-17,359.0899963378906,0.019968183911967863
2019-01-18,364.7300109863281,0.015706409830282375
2019-01-22,357.8999938964844,-0.018726227302693133
2019-01-23,358.6099853515625,0.0019837705146301676
2019-01-24,358.2699890136719,-0.0009480950106766084
2019-01-25,364.2000122070313,0.016551827881774228
2019-01-28,362.9700012207031,-0.0033772952913273535
2019-01-29,364.9100036621094,0.005344801043837943
2019-01-30,387.7200012207031,0.06250855643769859
2019-01-31,385.6199951171875,-0.0054162955145566904
2019-02-01,387.4299926757813,0.004693733679561385
2019-02-04,397.0,0.024701255723965865
2019-02-05,410.1799926757813,0.03319897399441141
2019-02-06,411.1099853515625,0.0022672794684948094
2019-02-07,405.1700134277344,-0.014448619920405359
2019-02-08,404.9100036621094,-0.0006417300318583008
2019-02-11,403.9500122070313,-0.0023708761117178234
2019-02-12,410.7200012207031,0.016759472234406214
2019-02-13,410.5799865722656,-0.0003409004870017496
2019-02-14,409.8200073242188,-0.0018509895097214013
2019-02-15,417.9700012207031,0.01988676431318459
2019-02-19,416.260009765625,-0.004091182262085824
2019-02-20,421.5499877929688,0.012708350317683248
2019-02-21,417.5799865722656,-0.009417628598421213
2019-02-22,424.0499877929688,0.01549404049224834
2019-02-25,426.8699951171875,0.006650176642843064
2019-02-26,426.7699890136719,-0.00023427765984851412
2019-02-27,435.4400024414063,0.020315424352523204
2019-02-28,439.9599914550781,0.010380279690265892
2019-03-01,440.6199951171875,0.001500144728902697
2019-03-04,432.6900024414063,-0.017997350922924205
2019-03-05,430.1199951171875,-0.005939604127014331
2019-03-06,424.4599914550781,-0.013159127049109376
2019-03-07,422.55999755859375,-0.004476261449214758
2019-03-08,422.5400085449219,-4.73045574294062e-05
2019-03-11,400.010009765625,-0.053320391734932304
2019-03-12,375.4100036621094,-0.06149847629545402
2019-03-13,377.1400146484375,0.004608324150800369
2019-03-14,373.2999877929688,-0.010181966130134112
2019-03-15,378.989990234375,0.015242439398529761
2019-03-18,372.2799987792969,-0.017704930546921682
2019-03-19,373.4299926757813,0.0030890563561170037
2019-03-20,376.1600036621094,0.007310636638386825
2019-03-21,372.7000122070313,-0.009198190720420274
2019-03-22,362.1700134277344,-0.02825328262518978
2019-03-25,370.4599914550781,0.022889741613016934
2019-03-26,370.3800048828125,-0.00021591149951560862
2019-03-27,374.2099914550781,0.010340694750726076
2019-03-28,374.4400024414063,0.0006146575227288231
2019-03-29,381.4200134277344,0.018641200034230643
2019-04-01,391.5400085449219,0.026532417704675293
2019-04-02,390.75,-0.002017695580734613
2019-04-03,384.739990234375,-0.015380703174983967
2019-04-04,395.8599853515625,0.028902623588500598
2019-04-05,391.9299926757813,-0.009927734100962371
2019-04-08,374.5199890136719,-0.04442120783675674
2019-04-09,369.0400085449219,-0.014632010652307126
2019-04-10,364.9400024414063,-0.011109923066827787
2019-04-11,370.1600036621094,0.014303724408894158
2019-04-12,379.6400146484375,0.025610576217147685
2019-04-15,375.4599914550781,-0.011010491602762795
2019-04-16,381.7200012207031,0.01667290765485996
2019-04-17,377.5199890136719,-0.011002861242795814
2019-04-18,380.0700073242188,0.00675465772609618
2019-04-22,375.1700134277344,-0.012892345625958535
2019-04-23,374.0199890136719,-0.003065342039347274
2019-04-24,375.4599914550781,0.003850068134603424
2019-04-25,382.7999877929688,0.019549343485160353
2019-04-26,380.7900085449219,-0.005250729655545294
2019-04-29,379.0499877929688,-0.004569502121660296
2019-04-30,377.6900024414063,-0.0035878786317368183
2019-05-01,376.7999877929688,-0.002356468645408727
2019-05-02,375.7999877929688,-0.0026539278991416504
2019-05-03,376.4599914550781,0.0017562631281216046
2019-05-06,371.6000061035156,-0.012909699468402702
2019-05-07,357.2300109863281,-0.03867059978783882
2019-05-08,359.75,0.0070542477848209995
2019-05-09,354.1300048828125,-0.015621946121438524
2019-05-10,354.6700134277344,0.0015248878589109172
2019-05-13,337.3699951171875,-0.04877778683162293
2019-05-14,343.0400085449219,0.016806513649101573
2019-05-15,345.6400146484375,0.007579308648411276
2019-05-16,353.8099975585937,0.02363726005065181
2019-05-17,355.0199890136719,0.0034198905158913107
2019-05-20,352.7900085449219,-0.00628128144261797
2019-05-21,358.75,0.016893878258230854
2019-05-22,352.7799987792969,-0.016641118385235187
2019-05-23,350.54998779296875,-0.0063212511878352196
2019-05-24,354.8999938964844,0.012409089302506837
2019-05-28,354.8800048828125,-5.632294735313792e-05
2019-05-29,348.79998779296875,-0.017132599769467127
2019-05-30,349.8699951171875,0.0030676816561525655
2019-05-31,341.6099853515625,-0.02360879721297149
2019-06-03,338.8900146484375,-0.007962210765958155
2019-06-04,344.6199951171875,0.01690808292092716
2019-06-05,348.75,0.011984228835613786
2019-06-06,350.6400146484375,0.0054193968413978055
2019-06-07,353.70001220703125,0.00872689205669186
2019-06-10,353.79998779296875,0.000282656439036133
2019-06-11,349.3299865722656,-0.01263426052834915
2019-06-12,347.0299987792969,-0.006583997599338476
2019-06-13,348.8599853515625,0.005273280634823241
2019-06-14,347.1600036621094,-0.004872962680830151
2019-06-17,354.8999938964844,0.022295166933770094
2019-06-18,373.9599914550781,0.05370526313436086
2019-06-19,368.55999755859375,-0.014440031072503245
2019-06-20,374.8800048828125,0.017147838523126735
2019-06-21,371.8399963378906,-0.008109284318517318
2019-06-24,373.989990234375,0.005782040441208114
2019-06-25,369.3200073242188,-0.012486919522176398
2019-06-26,374.9400024414063,0.015217142331132472
2019-06-27,364.0199890136719,-0.029124695568968906
2019-06-28,364.010009765625,-2.7414011175341813e-05
2019-07-01,356.4599914550781,-0.0207412381747637
2019-07-02,354.1600036621094,-0.006452302777599672
2019-07-03,354.4700012207031,0.0008753036915187806
2019-07-05,355.8599853515625,0.003921302581523456
2019-07-08,351.1199951171875,-0.013319817988786342
2019-07-09,353.0899963378906,0.00561062100734433
2019-07-10,352.29998779296875,-0.0022374141242049728
2019-07-11,359.0,0.019017917795014272
2019-07-12,365.3299865722656,0.017632274574556073
2019-07-15,361.6099853515625,-0.010182578374160589
2019-07-16,362.75,0.003152608320063921
2019-07-17,369.5199890136719,0.01866296075443663
2019-07-18,361.1099853515625,-0.022759265837167475
2019-07-19,377.3599853515625,0.04500014028739652
2019-07-22,373.4200134277344,-0.010440884239905524
2019-07-23,373.0700073242188,-0.0009372987277858069
2019-07-24,361.4299926757813,-0.03120061763185822
2019-07-25,348.0899963378906,-0.03690893563959774
2019-07-26,345.0,-0.00887700413800796
2019-07-29,340.2099914550781,-0.013884082738903958
2019-07-30,347.4599914550781,0.021310367661431018
2019-07-31,341.17999267578125,-0.018074019840378597
2019-08-01,334.2900085449219,-0.02019457259736457
2019-08-02,339.5599975585937,0.01576472188508027
2019-08-05,331.0599975585937,-0.025032395043922295
2019-08-06,332.45001220703125,0.004198678966617075
2019-08-07,331.3800048828125,-0.003218551014979032
2019-08-08,336.3500061035156,0.014997891084166826
2019-08-09,337.54998779296875,0.003567657700840998
2019-08-12,332.94000244140625,-0.01365719306258717
2019-08-13,332.8599853515625,-0.00024033486290919726
2019-08-14,320.4200134277344,-0.03737298705547076
2019-08-15,328.0,0.02365640801015445
2019-08-16,330.45001220703125,0.007469549411680543
2019-08-19,333.7799987792969,0.01007712649191661
2019-08-20,331.75,-0.006081846685604297
2019-08-21,339.989990234375,0.02483795097023367
2019-08-22,354.4100036621094,0.04241305286015562
2019-08-23,356.010009765625,0.004514562475615325
2019-08-26,359.0400085449219,0.008510993219801977
2019-08-27,354.7300109863281,-0.01200422642607668
2019-08-28,359.9700012207031,0.014771770281869268
2019-08-29,362.739990234375,0.007695055155369834
2019-08-30,364.0899963378906,0.0037216908525672387
2019-09-03,354.4200134277344,-0.026559320518056984
2019-09-04,356.5299987792969,0.00595334707867079
2019-09-05,360.2999877929688,0.010574114454827921
2019-09-06,363.0,0.007493789338074208
2019-09-09,358.7799987792969,-0.011625347715435552
2019-09-10,369.489990234375,0.029851138557103196
2019-09-11,382.9400024414063,0.036401560427928414
2019-09-12,375.6300048828125,-0.01908914585049737
2019-09-13,379.760009765625,0.010994874821304457
2019-09-16,378.8500061035156,-0.002396259844924198
2019-09-17,384.2000122070313,0.014121699926946452
2019-09-18,386.4100036621094,0.005752189965801513
2019-09-19,384.4400024414063,-0.00509821485477302
2019-09-20,379.3900146484375,-0.01313595817526425
2019-09-23,377.0299987792969,-0.006220553462187306
2019-09-24,381.6499938964844,0.012253653905910822
2019-09-25,386.2000122070313,0.011921966155673536
2019-09-26,386.8900146484375,0.0017866453122645787
2019-09-27,382.8599853515625,-0.010416472755279127
2019-09-30,380.4700012207031,-0.006242449517582127
2019-10-01,374.9400024414063,-0.014534651251226993
2019-10-02,367.3599853515625,-0.020216613432780806
2019-10-03,372.0700073242188,0.012821271124967115
2019-10-04,375.7000122070313,0.009756241597967286
2019-10-07,376.5400085449219,0.002235816637204957
2019-10-08,374.1000061035156,-0.006480061576551344
2019-10-09,374.9599914550781,0.0022988113807316246
2019-10-10,371.0,-0.01056110397194887
2019-10-11,374.9200134277344,0.010566073929203057
2019-10-14,373.1799926757813,-0.004641045262014143
2019-10-15,370.9599914550781,-0.005948875245924357
2019-10-16,372.4299926757813,0.003962694777237763
2019-10-17,369.05999755859375,-0.009048667356179596
2019-10-18,344.0,-0.0679022319524486
2019-10-21,331.0599975585937,-0.03761628616687884
2019-10-22,337.0,0.01794237444937763
2019-10-23,340.5,0.010385756676557945
2019-10-24,344.54998779296875,0.011894237277441322
2019-10-25,339.8299865722656,-0.01369903174554532
2019-10-28,340.8800048828125,0.0030898341877889646
2019-10-29,348.92999267578125,0.02361531236112291
2019-10-30,346.0599975585937,-0.008225131623621373
2019-10-31,339.9100036621094,-0.017771467201848523
2019-11-01,345.19000244140625,0.0155335198211628
2019-11-04,351.0899963378906,0.01709201846738262
2019-11-05,358.2900085449219,0.020507597146407708
2019-11-06,354.19000244140625,-0.011443261061525156
2019-11-07,357.3099975585937,0.008808817571590133
2019-11-08,351.0,-0.017659728531830288
2019-11-11,366.9599914550781,0.04547006112557872
2019-11-12,362.8800048828125,-0.011118341691930933
2019-11-13,362.5,-0.001047191572143058
2019-11-14,367.4400024414063,0.013627592941810596
2019-11-15,371.6799926757813,0.011539272279019519
2019-11-18,369.4599914550781,-0.005972883298670628
2019-11-19,367.0,-0.006658343290134705
2019-11-20,370.9100036621094,0.010653960932178075
2019-11-21,366.4400024414063,-0.012051444222505037
2019-11-22,371.3399963378906,0.013371885885378632
2019-11-25,373.1300048828125,0.0048204033031042925
2019-11-26,373.510009765625,0.0010184248863391865
2019-11-27,368.0,-0.014751973498869586
2019-11-29,366.1799926757813,-0.0049456720766812845
2019-12-02,355.17999267578125,-0.030039871702492338
2019-12-03,352.0799865722656,-0.008727986281438449
2019-12-04,348.8399963378906,-0.009202426601745972
2019-12-05,345.67999267578125,-0.009058604790972868
2019-12-06,354.0899963378906,0.024328870169808336
2019-12-09,351.2099914550781,-0.008133539248774024
2019-12-10,347.8999938964844,-0.009424554081961856
2019-12-11,350.0,0.006036234953601172
2019-12-12,346.2900085449219,-0.010599975585937504
2019-12-13,341.6700134277344,-0.013341404612279395
2019-12-16,327.0,-0.04293620408932142
2019-12-17,327.0,0.0
2019-12-18,330.67999267578125,0.011253800231747046
2019-12-19,333.5,0.008527904278090581
2019-12-20,328.0,-0.016491754122938573
2019-12-23,337.54998779296875,0.029115816441977804
2019-12-24,333.0,-0.013479448844653574
2019-12-26,329.9200134277344,-0.009249208925722563
2019-12-27,330.1400146484375,0.000666831994874828
2019-12-30,326.3999938964844,-0.011328589646837695
2019-12-31,325.760009765625,-0.0019607357316996366
2020-01-02,333.32000732421875,0.023207260965006027
2020-01-03,332.760009765625,-0.001680059841259518
2020-01-06,333.739990234375,0.0029450067315488493
2020-01-07,337.2799987792969,0.01060708530145238
2020-01-08,331.3699951171875,-0.01752254412802179
2020-01-09,336.3399963378906,0.014998344128729801
2020-01-10,329.9200134277344,-0.019087777189920274
2020-01-13,330.2200012207031,0.0009092743112246726
2020-01-14,332.3500061035156,0.006450260053717738
2020-01-15,329.79998779296875,-0.007672689224361373
2020-01-16,332.0,0.006670746781265224
2020-01-17,324.1499938964844,-0.023644596697336207
2020-01-21,313.3699951171875,-0.03325620540575858
2020-01-22,309.0,-0.013945161263934303
2020-01-23,317.7900085449219,0.028446629595216377
2020-01-24,323.04998779296875,0.016551745198444046
2020-01-27,316.6000061035156,-0.019965893617636343
2020-01-28,316.5599975585937,-0.00012636937508092583
2020-01-29,322.0199890136719,0.017247888227152064
2020-01-30,323.29998779296875,0.003974904735626561
2020-01-31,318.2699890136719,-0.015558301791579132
2020-02-03,316.0,-0.007132274773083869
2020-02-04,317.94000244140625,0.006139248232298167
2020-02-05,329.54998779296875,0.03651627748132169
2020-02-06,341.42999267578125,0.03604917409457098
2020-02-07,336.75,-0.013707034461454937
2020-02-10,344.6700134277344,0.023518970832173247
2020-02-11,344.4200134277344,-0.0007253314482271733
2020-02-12,347.45001220703125,0.008797394637848566
2020-02-13,342.82000732421875,-0.013325671953217988
2020-02-14,340.489990234375,-0.0067966193339473735
2020-02-18,338.8800048828125,-0.004728436658165136
2020-02-19,338.29998779296875,-0.0017115707078803055
2020-02-20,336.2799987792969,-0.005970999369080854
2020-02-21,330.3800048828125,-0.01754488497056461
2020-02-24,317.8999938964844,-0.037774716392884766
2020-02-25,304.1400146484375,-0.043283987141338076
2020-02-26,305.5899963378906,0.004767480829936721
2020-02-27,287.760009765625,-0.05834610682920072
2020-02-28,275.1099853515625,-0.043960327998201376
2020-03-02,289.2699890136719,0.051470337014537515
2020-03-03,280.6199951171875,-0.029902838956707534
2020-03-04,283.1199951171875,0.008908844856033937
2020-03-05,260.3699951171875,-0.0803546213349694
2020-03-06,262.3299865722656,0.007527716295404829
2020-03-09,227.1699981689453,-0.13402961995591223
2020-03-10,231.009994506836,0.01690362446116178
2020-03-11,189.0800018310547,-0.18150726666737582
2020-03-12,154.83999633789062,-0.1810873977236256
2020-03-13,170.1999969482422,0.09919917962819569
2020-03-16,129.61000061035156,-0.2384841190698378
2020-03-17,124.13999938964844,-0.04220354289749351
2020-03-18,101.88999938964844,-0.1792331247736041
2020-03-19,97.70999908447266,-0.04102463765055686
2020-03-20,95.01000213623048,-0.027632759937987084
2020-03-23,105.62000274658205,0.11167245944420001
2020-03-24,127.68000030517578,0.20886192941618353
2020-03-25,158.72999572753906,0.24318605379189218
2020-03-26,180.5500030517578,0.1374661873088745
2020-03-27,162.0,-0.10274163798512992
2020-03-30,152.27999877929688,-0.060000007535204514
2020-03-31,149.13999938964844,-0.02061990684803794
2020-04-01,130.6999969482422,-0.12364223224400883
2020-04-02,123.2699966430664,-0.056847746585014014
2020-04-03,124.5199966430664,0.010140342614102904
2020-04-06,148.77000427246094,0.1947478981942683
2020-04-07,141.5800018310547,-0.04832965137406531
2020-04-08,146.8699951171875,0.037363986563902385
2020-04-09,151.83999633789062,0.03383945929008547
2020-04-13,147.3300018310547,-0.029702282768762855
2020-04-14,141.0,-0.042964784852941085
2020-04-15,145.97999572753906,0.03531911863502879
2020-04-16,134.24000549316406,-0.08042191106983476
2020-04-17,154.0,0.14719899953998583
2020-04-20,143.61000061035156,-0.06746752850421067
2020-04-21,136.3300018310547,-0.05069283997184337
2020-04-22,134.97000122070312,-0.009975798372224287
2020-04-23,137.74000549316406,0.020523110672062694
2020-04-24,128.97999572753906,-0.06359815170807259
2020-04-27,128.67999267578125,-0.002325965744265912
2020-04-28,131.3000030517578,0.020360666188238508
2020-04-29,139.0,0.058644301365376794
2020-04-30,141.02000427246094,0.014532404837848567
2020-05-01,133.3699951171875,-0.05424768772870736
2020-05-04,131.4600067138672,-0.01432097528114984
2020-05-05,125.4000015258789,-0.04609770940586022
2020-05-06,121.86000061035156,-0.028229672029125075
2020-05-07,128.64999389648438,0.05571962294538202
2020-05-08,133.44000244140625,0.03723287036279266
2020-05-11,128.91000366210938,-0.03394783195755713
2020-05-12,125.22000122070312,-0.028624639954849762
2020-05-13,121.5,-0.02970772388147913
2020-05-14,122.5199966430664,0.008395034099311971
2020-05-15,120.0,-0.020568043683577897
2020-05-18,135.44000244140625,0.1286666870117188
2020-05-19,130.44000244140625,-0.03691671522350337
2020-05-20,133.32000732421875,0.022079153855476097
2020-05-21,139.0,0.042604203148355335
2020-05-22,137.52999877929688,-0.010575548350382213
2020-05-26,144.72999572753906,0.05235219233729849
2020-05-27,149.52000427246094,0.033096170015366244
2020-05-28,149.82000732421875,0.00200644089877855
2020-05-29,145.85000610351562,-0.02649847167682906
2020-06-01,151.38999938964844,0.03798418275142801
2020-06-02,153.30999755859375,0.012682463681128686
2020-06-03,173.16000366210938,0.12947626651633803
2020-06-04,184.3000030517578,0.06433355944820929
2020-06-05,205.42999267578125,0.11464996893184742
2020-06-08,230.5,0.122036743504077
2020-06-09,216.7400054931641,-0.059696288532910646
2020-06-10,203.4100036621093,-0.061502267662696064
2020-06-11,170.0,-0.16424956029993343
2020-06-12,189.509994506836,0.1147646735696235
2020-06-15,190.94000244140625,0.007545818036096552
2020-06-16,197.7700042724609,0.03577040821056121
2020-06-17,192.5399932861328,-0.02644491517087133
2020-06-18,192.2899932861328,-0.0012984315400306201
2020-06-19,187.0200042724609,-0.02740646522271195
2020-06-22,188.5200042724609,0.008020532380133671
2020-06-23,187.8800048828125,-0.0033948619517504275
2020-06-24,176.69000244140625,-0.05955930461246184
2020-06-25,174.8800048828125,-0.01024391608797437
2020-06-26,170.00999450683594,-0.027847725526082723
2020-06-29,194.4900054931641,0.1439915991841516
2020-06-30,183.3000030517578,-0.05753510270634232
2020-07-01,180.32000732421875,-0.016257477784643592
2020-07-02,180.8099975585937,0.0027173370367823413
2020-07-06,187.9100036621093,0.03926777390290459
2020-07-07,178.8800048828125,-0.04805491247573013
2020-07-08,180.0800018310547,0.006708390627718996
2020-07-09,173.27999877929688,-0.037761011676006984
2020-07-10,178.44000244140625,0.029778414695637023
2020-07-13,175.64999389648438,-0.015635555406574353
2020-07-14,179.9600067138672,0.024537506217750416
2020-07-15,187.94000244140625,0.044343161979467416
2020-07-16,178.6999969482422,-0.04916465559823968
2020-07-17,175.66000366210938,-0.01701171425880499
2020-07-20,174.4199981689453,-0.007059122551023478
2020-07-21,178.6300048828125,0.02413717898213319
2020-07-22,179.7899932861328,0.006493804913017209
2020-07-23,176.4499969482422,-0.018577209314286303
2020-07-24,173.75999450683594,-0.015245126029644007
2020-07-27,170.2100067138672,-0.020430409214988177
2020-07-28,170.83999633789062,0.0037012490404426668
2020-07-29,166.00999450683594,-0.028272078755502972
2020-07-30,161.9499969482422,-0.024456344153583887
2020-07-31,158.0,-0.024390225518217012
2020-08-03,162.27000427246094,0.02702534349658814
2020-08-04,165.07000732421875,0.017255210316359237
2020-08-05,174.27999877929688,0.055794457178332424
2020-08-06,172.1999969482422,-0.011934828124991803
2020-08-07,170.02000427246094,-0.01265965571669836
2020-08-10,179.41000366210938,0.05522879163442873
2020-08-11,180.1300048828125,0.004013160949815964
2020-08-12,175.44000244140625,-0.026036764083015695
2020-08-13,174.72999572753906,-0.004047005836678053
2020-08-14,178.0800018310547,0.019172472874888546
2020-08-17,172.00999450683594,-0.03408584491130784
2020-08-18,170.22999572753906,-0.010348228801473125
2020-08-19,169.27000427246094,-0.00563937895301736
2020-08-20,169.5800018310547,0.0018313791621034081
2020-08-21,167.5,-0.012265608023326435
2020-08-24,178.27000427246094,0.06429853296991594
2020-08-25,174.72999572753906,-0.01985756694946539
2020-08-26,171.89999389648438,-0.016196428204963587
2020-08-27,174.1999969482422,0.013379890246784099
2020-08-28,175.8000030517578,0.009184880204050838
2020-08-31,171.82000732421875,-0.022639338216435045
2020-09-01,172.10000610351562,0.0016296052110422732
2020-09-02,174.77999877929688,0.015572298551629782
2020-09-03,168.77000427246094,-0.03438605417559848
2020-09-04,171.0500030517578,0.013509502409065899
2020-09-08,161.0800018310547,-0.05828705666661882
2020-09-09,160.77999877929688,-0.001862447531335798
2020-09-10,157.69000244140625,-0.01921878567826263
2020-09-11,160.22999572753906,0.01610750996770771
2020-09-14,165.35000610351562,0.03195413163889005
2020-09-15,163.49000549316406,-0.011248869317773913
2020-09-16,167.4600067138672,0.02428283740481696
2020-09-17,167.52999877929688,0.00041796287246831376
2020-09-18,161.13999938964844,-0.03814241888741721
2020-09-21,156.35000610351562,-0.02972566280424427
2020-09-22,156.8000030517578,0.002878138347780057
2020-09-23,151.17999267578125,-0.03584190221043215
2020-09-24,146.0500030517578,-0.033932992939251894
2020-09-25,156.02999877929688,0.06833273207123658
2020-09-28,166.0800018310547,0.06441071031458168
2020-09-29,163.60000610351562,-0.014932536730471901
2020-09-30,165.25999450683594,0.01014662800360755
2020-10-01,167.86000061035156,0.015732822158650572
2020-10-02,168.0800018310547,0.00131062325689979
2020-10-05,171.1999969482422,0.018562559990471517
2020-10-06,159.5399932861328,-0.06810749924040282
2020-10-07,164.61000061035156,0.03177891148036949
2020-10-08,168.0,0.020594127799518747
2020-10-09,167.3300018310547,-0.003988084338960141
2020-10-12,167.35000610351562,0.00011954982514805756
2020-10-13,162.13999938964844,-0.031132396318196087
2020-10-14,163.24000549316406,0.0067842981846333306
2020-10-15,164.24000549316406,0.006125949316032608
2020-10-16,167.35000610351562,0.018935706930921947
2020-10-19,167.11000061035156,-0.0014341528796575354
2020-10-20,167.24000549316406,0.0007779599206372279
2020-10-21,163.86000061035156,-0.02021050449529349
2020-10-22,169.07000732421875,0.0317954759823067
2020-10-23,167.36000061035156,-0.010114193173174524
2020-10-26,160.8300018310547,-0.039017678988302884
2020-10-27,155.24000549316406,-0.034757173874577774
2020-10-28,148.13999938964844,-0.045735672843868036
2020-10-29,148.2899932861328,0.0010125144937380703
2020-10-30,144.38999938964844,-0.026299777955746118
2020-11-02,148.60000610351562,0.029157190467922423
2020-11-03,153.64999389648438,0.033983765717014114
2020-11-04,151.6300048828125,-0.013146691141639466
2020-11-05,157.08999633789062,0.036008647887981526
2020-11-06,157.74000549316406,0.004137813803721135
2020-11-09,179.36000061035156,0.13706095070552315
2020-11-10,188.69000244140625,0.05201829727534135
2020-11-11,182.1499938964844,-0.03466006921565812
2020-11-12,176.72000122070312,-0.02981055645199271
2020-11-13,187.1100006103516,0.05879356789202683
2020-11-16,202.3999938964844,0.08171660112370782
2020-11-17,210.0500030517578,0.03779648906109134
2020-11-18,203.3000030517578,-0.03213520543647297
2020-11-19,205.6699981689453,0.011657624602121164
2020-11-20,199.6199951171875,-0.029416069945155998
2020-11-23,211.52999877929688,0.059663380189532544
2020-11-24,218.4900054931641,0.03290316623661993
2020-11-25,217.6100006103516,-0.004027666532508856
2020-11-27,216.5,-0.00510087131675141
2020-11-30,210.7100067138672,-0.026743617949805176
2020-12-01,213.009994506836,0.010915417966324004
2020-12-02,223.8500061035156,0.05088968534916205
2020-12-03,237.1999969482422,0.05963810802199898
2020-12-04,232.7100067138672,-0.018929132766197898
2020-12-07,238.1699981689453,0.023462641474595314
2020-12-08,236.57000732421875,-0.006717852193925844
2020-12-09,232.0599975585937,-0.019064165473200112
2020-12-10,234.42999267578125,0.010212855046631386
2020-12-11,230.3300018310547,-0.01748919068728927
2020-12-14,228.6199951171875,-0.0074241596851176705
2020-12-15,229.5,0.003849203488791142
2020-12-16,225.8699951171875,-0.015817014739923696
2020-12-17,221.2400054931641,-0.020498471351279912
2020-12-18,219.75,-0.0067347923348796135
2020-12-21,219.3099975585937,-0.002002286422781774
2020-12-22,218.77999877929688,-0.0024166649272576723
2020-12-23,219.69000244140625,0.00415944632592935
2020-12-24,217.1499938964844,-0.011561784863648006
2020-12-28,216.08999633789065,-0.004881407268650717
2020-12-29,216.25,0.0007404491870097729
2020-12-30,216.6699981689453,0.0019421880644869827
2020-12-31,214.0599975585937,-0.012045971442324555
2021-01-04,202.72000122070312,-0.05297578467357744
2021-01-05,211.6300048828125,0.043952267208251294
2021-01-06,211.02999877929688,-0.0028351655704391687
2021-01-07,212.7100067138672,0.007960991064248413
2021-01-08,209.8999938964844,-0.013210534195331691
2021-01-11,206.7899932861328,-0.014816582662147804
2021-01-12,208.4100036621093,0.007834084958525445
2021-01-13,207.2100067138672,-0.005757866355530772
2021-01-14,209.9100036621093,0.01303024400732955
2021-01-15,204.32000732421875,-0.026630442762931472
2021-01-19,210.7100067138672,0.03127446730906125
2021-01-20,211.4499969482422,0.003511889377801891
2021-01-21,207.4100036621093,-0.019106140195981114
2021-01-22,205.83999633789065,-0.007569583416894066
2021-01-25,203.3600006103516,-0.012048172229210952
2021-01-26,202.0599975585937,-0.0063926192361140055
2021-01-27,194.02999877929688,-0.03974066552667488
2021-01-28,197.22999572753903,0.016492279381406627
2021-01-29,194.19000244140625,-0.015413442944714917
2021-02-01,195.83999633789065,0.00849680146114773
2021-02-02,200.94000244140625,0.02604169831946046
2021-02-03,207.38999938964844,0.0320991184924615
2021-02-04,210.63999938964844,0.01567095814438879
2021-02-05,207.92999267578125,-0.012865584512531836
2021-02-08,211.9499969482422,0.019333450748152625
2021-02-09,215.1199951171875,0.014956349207777553
2021-02-10,211.9199981689453,-0.014875404522480484
2021-02-11,210.6600036621093,-0.0059456139945393005
2021-02-12,210.97999572753903,0.0015189977208156513
2021-02-16,217.17999267578125,0.029386657852856102
2021-02-17,215.5200042724609,-0.0076433762745284906
2021-02-18,208.47999572753903,-0.03266522088604773
2021-02-19,217.47000122070312,0.04312166959612318
2021-02-22,212.8800048828125,-0.021106342539780387
2021-02-23,212.1199951171875,-0.0035701322256328494
2021-02-24,229.33999633789065,0.08118047151184316
2021-02-25,216.4499969482422,-0.05620475972563199
2021-02-26,212.009994506836,-0.02051283208134158
2021-03-01,224.38999938964844,0.058393496550056545
2021-03-02,223.13999938964844,-0.005570658244128834
2021-03-03,228.5599975585937,0.02428967546728744
2021-03-04,224.7100067138672,-0.01684455235321536
2021-03-05,223.22000122070312,-0.006630792793581919
2021-03-08,224.02999877929688,0.003628696148034072
2021-03-09,230.6100006103516,0.029371074708334
2021-03-10,245.33999633789065,0.06387405441461103
2021-03-11,252.0,0.027146016799221684
2021-03-12,269.19000244140625,0.06821429540240564
2021-03-15,265.6300048828125,-0.013224850575082714
2021-03-16,255.2100067138672,-0.03922748927984354
2021-03-17,263.5899963378906,0.032835662409659294
2021-03-18,256.0599975585937,-0.02856708859938817
2021-03-19,255.82000732421875,-0.0009372421958256938
2021-03-22,251.22999572753903,-0.01794234799963268
2021-03-23,241.25,-0.039724538857861647
2021-03-24,239.2400054931641,-0.008331583448024538
2021-03-25,247.19000244140625,0.033230215539638674
2021-03-26,244.8699951171875,-0.009385522477870722
2021-03-29,250.5200042724609,0.023073505402609662
2021-03-30,252.009994506836,0.0059475898489711465
2021-03-31,254.72000122070312,0.010753568401802527
2021-04-01,252.9600067138672,-0.0069095261400811125
2021-04-05,259.3599853515625,0.0253003576369073
2021-04-06,255.1699981689453,-0.01615510263442399
2021-04-07,252.5800018310547,-0.010150081735611494
2021-04-08,254.9499969482422,0.009383146329901226
2021-04-09,252.3600006103516,-0.010158840434959515
2021-04-12,249.5200042724609,-0.011253749924797662
2021-04-13,253.2700042724609,0.015028855145037712
2021-04-14,252.42999267578125,-0.0033166643602058343
2021-04-15,251.1100006103516,-0.005229141162813589
2021-04-16,248.17999267578125,-0.01166822479171925
2021-04-19,244.1499938964844,-0.016238209759968814
2021-04-20,234.0599975585937,-0.04132703907487589
2021-04-21,235.9199981689453,0.007946683028935642
2021-04-22,234.3300018310547,-0.006739557266154272
2021-04-23,238.3800048828125,0.01728333128541415
2021-04-26,241.44000244140625,0.012836636865151796
2021-04-27,242.47000122070312,0.004266065146130149
2021-04-28,235.4600067138672,-0.028910770287229215
2021-04-29,235.94000244140625,0.002038544609923365
2021-04-30,234.3099975585937,-0.006908556692150403
2021-05-03,235.19000244140625,0.0037557291280005956
2021-05-04,233.6300048828125,-0.0066329246243466145
2021-05-05,228.17999267578125,-0.023327535389835452
2021-05-06,229.8099975585937,0.007143504843251103
2021-05-07,235.47000122070312,0.024629057579039104
2021-05-10,232.92999267578125,-0.010786972997639532
2021-05-11,228.8800048828125,-0.017387146010887422
2021-05-12,220.77999877929688,-0.035389749784664915
2021-05-13,222.63999938964844,0.008424678959306098
2021-05-14,228.47000122070312,0.026185779047058988
2021-05-17,227.97999572753903,-0.002144725743187359
2021-05-18,227.5500030517578,-0.0018860982710742213
2021-05-19,224.4199981689453,-0.013755239906986794
2021-05-20,227.6499938964844,0.014392637705609168
2021-05-21,234.82000732421875,0.031495776938147646
2021-05-24,237.44000244140625,0.01115746118502603
2021-05-25,240.7400054931641,0.01389826068828559
2021-05-26,241.3699951171875,0.002616887968964088
2021-05-27,250.6999969482422,0.03865435646433557
2021-05-28,247.0200042724609,-0.01467887004618118
